id,lat,lon,data_hora_gmt,satelite,municipio,estado,pais,municipio_id,estado_id,pais_id,numero_dias_sem_chuva,precipitacao,risco_fogo,bioma,frp
3da1e7cf-3861-3bb4-8d06-4af6a9741341, -18.455299, -40.600101,2024-03-26 00:12:15,METOP-C,ECOPORANGA,ESPÍRITO SANTO,Brasil,3202108,32,33,,,,Mata Atlântica,
2911ac81-e3a3-3c65-87c1-dd0c3fac8bbb, -18.453600, -40.591801,2024-03-26 00:12:15,METOP-C,ECOPORANGA,ESPÍRITO SANTO,Brasil,3202108,32,33,,,,Mata Atlântica,
086cd18b-5f17-3b52-a542-cffefe3091b9, -11.227600, -41.641899,2024-03-26 00:14:16,METOP-C,JOÃO DOURADO,BAHIA,Brasil,2918357,29,33,,,,Caatinga,
be83799f-7700-33bb-931d-90e73490716d,  -8.383200, -44.087502,2024-03-26 00:15:11,METOP-C,ALVORADA DO GURGUÉIA,PIAUÍ,Brasil,2200459,22,33,,,,Cerrado,
ff00007e-293b-3791-9402-f3c2c7383c90,    .737500, -59.810200,2024-03-26 01:06:18,METOP-B,SÃO JOÃO DA BALIZA,RORAIMA,Brasil,1400506,14,33,,,,Amazônia,
0d2a6bb1-1f48-36d4-b38e-07f5cb1f43da,    .563300, -60.349899,2024-03-26 01:06:18,METOP-B,RORAINÓPOLIS,RORAIMA,Brasil,1400472,14,33,,,,Amazônia,
34b4b2fb-8bf4-35df-8b5a-23d055781f7b,    .561000, -60.360001,2024-03-26 01:06:18,METOP-B,RORAINÓPOLIS,RORAIMA,Brasil,1400472,14,33,,,,Amazônia,
10e16dcc-41e4-37df-9fad-ec500732c128,    .804300, -60.510101,2024-03-26 01:06:22,METOP-B,RORAINÓPOLIS,RORAIMA,Brasil,1400472,14,33,,,,Amazônia,
0001a03f-eaed-37d5-a709-bc035d42d955,    .802000, -60.520302,2024-03-26 01:06:22,METOP-B,RORAINÓPOLIS,RORAIMA,Brasil,1400472,14,33,,,,Amazônia,
165cd772-b8cb-35e8-8297-8cc5d38de02c,   1.203900, -60.696701,2024-03-26 01:06:29,METOP-B,CARACARAÍ,RORAIMA,Brasil,1400209,14,33,,,,Amazônia,
b02297d0-2f02-3891-8069-b1a956c52c4a,   1.254700, -60.653801,2024-03-26 01:06:30,METOP-B,CARACARAÍ,RORAIMA,Brasil,1400209,14,33,,,,Amazônia,
8a9ff2fc-6e6e-3c68-af7d-c7825c9a0f44,   1.328600, -60.735500,2024-03-26 01:06:31,METOP-B,CARACARAÍ,RORAIMA,Brasil,1400209,14,33,,,,Amazônia,
47a5b327-99a0-3b0b-9ce5-455b33a10ea4,   1.353200, -60.762798,2024-03-26 01:06:32,METOP-B,CARACARAÍ,RORAIMA,Brasil,1400209,14,33,,,,Amazônia,
4975f32c-83e8-3ef3-b9bc-bf7bbcdd7eb3,   2.123600, -60.228699,2024-03-26 01:06:42,METOP-B,BONFIM,RORAIMA,Brasil,1400159,14,33,,,,Amazônia,
c906a0b4-a0b3-3ce1-bd18-f72920db1e05,   2.095300, -60.172901,2024-03-26 01:06:42,METOP-B,BONFIM,RORAIMA,Brasil,1400159,14,33,,,,Amazônia,
fc0d4416-3ce8-30ce-9d33-85613012d486,   1.920800, -61.424801,2024-03-26 01:06:44,METOP-B,CARACARAÍ,RORAIMA,Brasil,1400209,14,33,,,,Amazônia,
2466673a-7edc-32bb-ac88-5348ec6599c9,   1.932600, -61.463001,2024-03-26 01:06:44,METOP-B,CARACARAÍ,RORAIMA,Brasil,1400209,14,33,,,,Amazônia,
d04d085f-ff77-3c60-ac42-f0daf48fa53f,   2.270500, -60.261700,2024-03-26 01:06:45,METOP-B,CANTÁ,RORAIMA,Brasil,1400175,14,33,,,,Amazônia,
25ca2a31-21bc-3ec9-ba97-c4f7c16f5a23,   2.268300, -60.271099,2024-03-26 01:06:45,METOP-B,CANTÁ,RORAIMA,Brasil,1400175,14,33,,,,Amazônia,
63878687-eb5a-327c-a513-e462f61201ec,   2.261700, -60.389702,2024-03-26 01:06:45,METOP-B,CANTÁ,RORAIMA,Brasil,1400175,14,33,,,,Amazônia,
5272d5fc-eaec-3371-9f85-cfc13846c7d8,   2.335800, -60.336102,2024-03-26 01:06:46,METOP-B,CANTÁ,RORAIMA,Brasil,1400175,14,33,,,,Amazônia,
2abef2ae-5f72-3a0a-bcae-8d2a270b2e1c,   2.252900, -60.696899,2024-03-26 01:06:46,METOP-B,CANTÁ,RORAIMA,Brasil,1400175,14,33,,,,Amazônia,
cdd4a794-c303-3d17-86d0-2c6b47e8ac14,   2.304200, -60.339001,2024-03-26 01:06:46,METOP-B,CANTÁ,RORAIMA,Brasil,1400175,14,33,,,,Amazônia,
a5bfac9f-37a3-3489-8302-014ea807c702,   2.250600, -60.706902,2024-03-26 01:06:46,METOP-B,CANTÁ,RORAIMA,Brasil,1400175,14,33,,,,Amazônia,
b6f82754-c582-3fd6-b80b-8dfa3aebaf0c,   2.426800, -60.477501,2024-03-26 01:06:48,METOP-B,CANTÁ,RORAIMA,Brasil,1400175,14,33,,,,Amazônia,
e541d474-7fa5-388a-844a-796aa4cc1890,   2.781000, -61.751099,2024-03-26 01:06:59,METOP-B,ALTO ALEGRE,RORAIMA,Brasil,1400050,14,33,,,,Amazônia,
41d98e52-c7bb-3b12-a68e-ca3d1195fca5,   3.459500, -61.087200,2024-03-26 01:07:07,METOP-B,AMAJARI,RORAIMA,Brasil,1400027,14,33,,,,Amazônia,
99f85dbd-60a9-304c-a033-bf9e52a78b7f,   3.454800, -61.107601,2024-03-26 01:07:07,METOP-B,AMAJARI,RORAIMA,Brasil,1400027,14,33,,,,Amazônia,
dde118ed-553c-326f-aa2f-204b5002d3f3,   3.457200, -61.097401,2024-03-26 01:07:07,METOP-B,AMAJARI,RORAIMA,Brasil,1400027,14,33,,,,Amazônia,
77471fb0-4c5b-3252-b91b-d4bb02959f0e,   3.563200, -61.881500,2024-03-26 01:07:12,METOP-B,AMAJARI,RORAIMA,Brasil,1400027,14,33,,,,Amazônia,
7412b277-3e0a-3b4b-aa9b-fccaa6461ffe, -21.816730, -53.062820,2024-03-26 01:28:00,TERRA_M-M,BATAGUASSU,MATO GROSSO DO SUL,Brasil,5001904,50,33,,,,Cerrado,4.9
f4151243-1933-346b-8de1-a59413ce2a0b, -23.266040, -48.401350,2024-03-26 01:28:00,TERRA_M-M,BOFETE,SÃO PAULO,Brasil,3506904,35,33,,,,Cerrado,8.7
f112dec4-6487-3a5b-b8a5-b15af0d87db0, -17.280750, -57.453050,2024-03-26 01:30:00,TERRA_M-M,CÁCERES,MATO GROSSO,Brasil,5102504,51,33,,,,Pantanal,10.9
f7c429e8-b8e9-374b-9f76-dd486a33d9bf, -17.276840, -57.447070,2024-03-26 01:30:00,TERRA_M-M,CÁCERES,MATO GROSSO,Brasil,5102504,51,33,,,,Pantanal,8.3
56032282-e6d8-3a1e-b090-3e861c6765a4,   2.328320, -60.346830,2024-03-26 01:34:00,TERRA_M-M,CANTÁ,RORAIMA,Brasil,1400175,14,33,,,,Amazônia,16.7
b4a01bee-b44b-3b61-80d5-c4dcd4753cc2,   2.294420, -60.355790,2024-03-26 01:34:00,TERRA_M-M,CANTÁ,RORAIMA,Brasil,1400175,14,33,,,,Amazônia,8.6
40efa2de-7e15-3fb0-8a9b-fd8e6f25a088,   2.265090, -60.258230,2024-03-26 01:34:00,TERRA_M-M,CANTÁ,RORAIMA,Brasil,1400175,14,33,,,,Amazônia,6.3
68e22b5d-fe65-3fe5-b43e-3f76d0adbee6,   2.263220, -60.271010,2024-03-26 01:34:00,TERRA_M-M,CANTÁ,RORAIMA,Brasil,1400175,14,33,,,,Amazônia,10.9
e319c682-8d09-3ed3-9222-2dab6ab0fb4a,   2.261340, -60.283910,2024-03-26 01:34:00,TERRA_M-M,CANTÁ,RORAIMA,Brasil,1400175,14,33,,,,Amazônia,10.7
710248e6-47a0-3af6-b397-711a70fc3bc2,   2.244200, -60.707650,2024-03-26 01:34:00,TERRA_M-M,CANTÁ,RORAIMA,Brasil,1400175,14,33,,,,Amazônia,13.0
82633a38-de0d-3467-af9a-d2ab69cda57a,   2.242220, -60.721510,2024-03-26 01:34:00,TERRA_M-M,CANTÁ,RORAIMA,Brasil,1400175,14,33,,,,Amazônia,27.4
925e6c6b-789b-3589-aba5-80461484f76c,   2.116440, -60.237830,2024-03-26 01:34:00,TERRA_M-M,BONFIM,RORAIMA,Brasil,1400159,14,33,,,,Amazônia,10.2
1e8e4680-207e-39f3-a158-dfe90b9c4ac9,   2.114580, -60.250770,2024-03-26 01:34:00,TERRA_M-M,CANTÁ,RORAIMA,Brasil,1400175,14,33,,,,Amazônia,7.0
5cba6b85-1d8a-326b-9d3f-2499550eef66,   1.926670, -61.475040,2024-03-26 01:34:00,TERRA_M-M,CARACARAÍ,RORAIMA,Brasil,1400209,14,33,,,,Amazônia,13.3
5d14e41d-06e6-38dc-95aa-35d14e8d5538,   1.194900, -60.737450,2024-03-26 01:34:00,TERRA_M-M,CARACARAÍ,RORAIMA,Brasil,1400209,14,33,,,,Amazônia,36.3
b68644b3-ca39-3a04-82ac-c31fd64568a4,   1.081220, -60.405400,2024-03-26 01:34:00,TERRA_M-M,RORAINÓPOLIS,RORAIMA,Brasil,1400472,14,33,,,,Amazônia,13.6
5152630c-cf81-3a32-9508-3531d76f8818,   1.079260, -60.419200,2024-03-26 01:34:00,TERRA_M-M,RORAINÓPOLIS,RORAIMA,Brasil,1400472,14,33,,,,Amazônia,23.8
b5489bf2-22b1-3370-861b-3a1879706379,    .859300, -59.448330,2024-03-26 01:34:00,TERRA_M-M,CAROEBE,RORAIMA,Brasil,1400233,14,33,,,,Amazônia,7.1
3d815a6b-dfd9-3645-a478-0b3a2ed6f521,    .798690, -60.532550,2024-03-26 01:34:00,TERRA_M-M,RORAINÓPOLIS,RORAIMA,Brasil,1400472,14,33,,,,Amazônia,26.1
59ddc509-39ff-377b-8780-ed75a8b6f280,    .735770, -59.825890,2024-03-26 01:34:00,TERRA_M-M,SÃO JOÃO DA BALIZA,RORAIMA,Brasil,1400506,14,33,,,,Amazônia,12.7
e16166bc-474f-3e21-a009-85cc9216d4fe,    .557890, -60.365280,2024-03-26 01:34:00,TERRA_M-M,RORAINÓPOLIS,RORAIMA,Brasil,1400472,14,33,,,,Amazônia,26.1
41e31666-dbc5-349a-9d19-7c410d020b75,    .549630, -60.265180,2024-03-26 01:34:00,TERRA_M-M,RORAINÓPOLIS,RORAIMA,Brasil,1400472,14,33,,,,Amazônia,7.4
76430c64-554c-3849-884b-660ba42ddf33,   2.305940, -60.274920,2024-03-26 01:34:00,TERRA_M-M,CANTÁ,RORAIMA,Brasil,1400175,14,33,,,,Amazônia,5.0
8d6e6195-15b5-3403-b1d8-f6f6d6cbb726,   2.334330, -60.340290,2024-03-26 01:34:00,TERRA_M-M,CANTÁ,RORAIMA,Brasil,1400175,14,33,,,,Amazônia,16.0
7ecf148d-882a-35b3-a128-75f7dd795b84,   2.332400, -60.353410,2024-03-26 01:34:00,TERRA_M-M,CANTÁ,RORAIMA,Brasil,1400175,14,33,,,,Amazônia,9.7
5a030032-2c8e-3996-937b-95c36e7ffde3,   2.302460, -60.223750,2024-03-26 01:34:00,TERRA_M-M,CANTÁ,RORAIMA,Brasil,1400175,14,33,,,,Amazônia,12.8
204b4dbf-6136-3fac-b97a-3532dcf0c402,   3.450300, -61.112880,2024-03-26 01:37:00,TERRA_M-M,AMAJARI,RORAIMA,Brasil,1400027,14,33,,,,Amazônia,15.2
2ae90b8c-c3e3-38a4-9398-9c333b45205c,   3.562740, -61.895560,2024-03-26 01:37:00,TERRA_M-M,AMAJARI,RORAIMA,Brasil,1400027,14,33,,,,Amazônia,10.2
31e2757f-ce7f-3036-918f-dbb8e18291e4,    .557500, -60.360100,2024-03-26 01:58:36,METOP-C,RORAINÓPOLIS,RORAIMA,Brasil,1400472,14,33,,,,Amazônia,
8108320a-e2d1-3d28-a2ac-48bf2e62c7a9,    .794000, -60.534500,2024-03-26 01:58:41,METOP-C,RORAINÓPOLIS,RORAIMA,Brasil,1400472,14,33,,,,Amazônia,
9a1996bc-4099-3f3a-bf7f-72d73157ee70,   1.077400, -60.415001,2024-03-26 01:58:45,METOP-C,RORAINÓPOLIS,RORAIMA,Brasil,1400472,14,33,,,,Amazônia,
674bfe94-770a-3456-b304-d2267ddce7a9,   1.923400, -61.468399,2024-03-26 01:59:02,METOP-C,CARACARAÍ,RORAIMA,Brasil,1400209,14,33,,,,Amazônia,
35f785ba-d755-3492-b106-92b1b04261fe,   1.920500, -61.481201,2024-03-26 01:59:02,METOP-C,CARACARAÍ,RORAIMA,Brasil,1400209,14,33,,,,Amazônia,
0d24d763-e063-3220-a3e8-11b9fef2e879,   2.246300, -60.720901,2024-03-26 01:59:05,METOP-C,CANTÁ,RORAIMA,Brasil,1400175,14,33,,,,Amazônia,
bf83c72c-03f4-38dd-a2fd-a31b7e0c2cea,   2.420600, -60.492901,2024-03-26 01:59:07,METOP-C,CANTÁ,RORAIMA,Brasil,1400175,14,33,,,,Amazônia,
93390093-6eb6-35f9-8be7-6861ea6c1f9b,   3.230300, -61.715599,2024-03-26 01:59:25,METOP-C,ALTO ALEGRE,RORAIMA,Brasil,1400050,14,33,,,,Amazônia,
7ed30215-e968-3e0c-b4b7-06f45d73adbf,   3.237100, -61.730598,2024-03-26 01:59:25,METOP-C,ALTO ALEGRE,RORAIMA,Brasil,1400050,14,33,,,,Amazônia,
5c94b1d2-1599-39bc-8fd8-523ae1746027,   3.240000, -61.717701,2024-03-26 01:59:25,METOP-C,ALTO ALEGRE,RORAIMA,Brasil,1400050,14,33,,,,Amazônia,
4630eb75-dd0d-3b79-8402-638ca9f3885a,   3.242900, -61.704800,2024-03-26 01:59:25,METOP-C,ALTO ALEGRE,RORAIMA,Brasil,1400050,14,33,,,,Amazônia,
1e162a25-31c8-3972-96be-2f5950ce8ade,  -8.393490, -44.085480,2024-03-26 04:06:00,NOAA-21,ALVORADA DO GURGUÉIA,PIAUÍ,Brasil,2200459,22,33,,,,Cerrado,1.5
2608254e-f419-3adc-9c83-ac9de6b3d2d6,  -8.390060, -44.084930,2024-03-26 04:06:00,NOAA-21,ALVORADA DO GURGUÉIA,PIAUÍ,Brasil,2200459,22,33,,,,Cerrado,1.5
08726cd7-0c62-39f3-ab7a-7d0e4a6927e2,  -8.072640, -34.976100,2024-03-26 04:06:00,NOAA-21,RECIFE,PERNAMBUCO,Brasil,2611606,26,33,,,,Mata Atlântica,0.9
ff8df8ce-e2fa-3991-a9fb-dca383c24b5e,  -7.853330, -37.041660,2024-03-26 04:06:00,NOAA-21,MONTEIRO,PARAÍBA,Brasil,2509701,25,33,,,,Caatinga,0.9
0a56f27a-e577-37ce-8a4f-c9308f9137a5, -12.712460, -46.768740,2024-03-26 04:08:00,NOAA-21,ARRAIAS,TOCANTINS,Brasil,1702406,17,33,,,,Cerrado,2.0
9845a84a-69e9-3c1e-869c-e370be6111e7, -12.714410, -46.765680,2024-03-26 04:08:00,NOAA-21,ARRAIAS,TOCANTINS,Brasil,1702406,17,33,,,,Cerrado,2.1
84be0329-4ffe-3cd8-82db-f06b247f9d3e, -11.184500, -44.469670,2024-03-26 04:08:00,NOAA-21,SANTA RITA DE CÁSSIA,BAHIA,Brasil,2928406,29,33,,,,Cerrado,2.0
31796809-9627-3635-8244-3c5fb3c19dd2, -11.185110, -44.465960,2024-03-26 04:08:00,NOAA-21,SANTA RITA DE CÁSSIA,BAHIA,Brasil,2928406,29,33,,,,Cerrado,2.0
d9e1a3e8-bb7f-333d-a480-fe2f8eccb8e9, -11.188510, -44.466530,2024-03-26 04:08:00,NOAA-21,SANTA RITA DE CÁSSIA,BAHIA,Brasil,2928406,29,33,,,,Cerrado,3.9
f72c8450-79f0-3f5e-9860-e877b8142edc, -11.233650, -41.641220,2024-03-26 04:08:00,NOAA-21,JOÃO DOURADO,BAHIA,Brasil,2918357,29,33,,,,Caatinga,1.4
9d99174d-ac16-3db3-823b-4b26b130ef30, -11.362730, -37.772820,2024-03-26 04:08:00,NOAA-21,ITABAIANINHA,SERGIPE,Brasil,2803005,28,33,,,,Mata Atlântica,0.7
9708d8bb-5331-3982-8335-07580271ffc2, -11.620560, -44.834050,2024-03-26 04:08:00,NOAA-21,RIACHÃO DAS NEVES,BAHIA,Brasil,2926202,29,33,,,,Cerrado,0.7
fecb7b83-e442-36d0-ab7c-1c88e93c69af, -11.910530, -44.418380,2024-03-26 04:08:00,NOAA-21,COTEGIPE,BAHIA,Brasil,2909406,29,33,,,,Cerrado,2.4
ac828ebd-9051-3043-9d39-28c02b53bb7b, -12.225630, -44.511660,2024-03-26 04:08:00,NOAA-21,CATOLÂNDIA,BAHIA,Brasil,2907400,29,33,,,,Cerrado,0.8
cfb5d26d-2c4a-34f5-93cb-9d0104dd178b, -13.850460, -45.594240,2024-03-26 04:08:00,NOAA-21,JABORANDI,BAHIA,Brasil,2917359,29,33,,,,Cerrado,1.0
9b2a16d4-6a65-3bdb-8f7a-14b674eff7a5, -13.851100, -45.590370,2024-03-26 04:08:00,NOAA-21,JABORANDI,BAHIA,Brasil,2917359,29,33,,,,Cerrado,1.7
a5459bae-b4f6-3a3a-9f7f-ad29b9e523f0, -13.904390, -38.980860,2024-03-26 04:08:00,NOAA-21,MARAÚ,BAHIA,Brasil,2920700,29,33,,,,Mata Atlântica,1.5
a86b43cb-ced5-378e-9465-a73fb85b57cc, -13.908910, -38.976580,2024-03-26 04:08:00,NOAA-21,MARAÚ,BAHIA,Brasil,2920700,29,33,,,,Mata Atlântica,1.5
c24faaf9-217f-35a7-b850-1b7f38f1ce38, -13.993070, -40.010020,2024-03-26 04:08:00,NOAA-21,JEQUIÉ,BAHIA,Brasil,2918001,29,33,,,,Mata Atlântica,2.3
5a736760-e94d-3443-90f9-9d6752838252, -13.993530, -40.012260,2024-03-26 04:08:00,NOAA-21,JEQUIÉ,BAHIA,Brasil,2918001,29,33,,,,Mata Atlântica,1.2
6ae775e2-7aa0-3439-b46e-00f07fbac0b3, -12.399490, -38.343520,2024-03-26 04:08:00,NOAA-21,POJUCA,BAHIA,Brasil,2925204,29,33,,,,Mata Atlântica,2.1
90d72778-cbd8-32db-9f21-8a3cad3d98b6, -13.993650, -40.006000,2024-03-26 04:08:00,NOAA-21,JEQUIÉ,BAHIA,Brasil,2918001,29,33,,,,Mata Atlântica,2.3
146ec7d2-a8a4-3c71-9917-cee2d458f94e, -13.994100, -40.008210,2024-03-26 04:08:00,NOAA-21,JEQUIÉ,BAHIA,Brasil,2918001,29,33,,,,Mata Atlântica,3.2
620db546-c914-3976-b6f9-49d00431ffaa, -13.994670, -40.004220,2024-03-26 04:08:00,NOAA-21,JEQUIÉ,BAHIA,Brasil,2918001,29,33,,,,Mata Atlântica,3.2
5ae0745c-1818-3fde-8d92-a9f8b4da6fc4, -13.997270, -40.006560,2024-03-26 04:08:00,NOAA-21,JEQUIÉ,BAHIA,Brasil,2918001,29,33,,,,Mata Atlântica,5.0
80ef2de0-f5a5-34a0-9326-9eeb7d91325d, -13.997860, -40.002540,2024-03-26 04:08:00,NOAA-21,JEQUIÉ,BAHIA,Brasil,2918001,29,33,,,,Mata Atlântica,1.5
0894a73e-a561-3add-99cc-6ac8ac54199f, -13.998290, -40.004780,2024-03-26 04:08:00,NOAA-21,JEQUIÉ,BAHIA,Brasil,2918001,29,33,,,,Mata Atlântica,3.2
4d8be727-35ae-313f-b97a-66fcd90fd6d9, -15.239020, -45.144280,2024-03-26 04:08:00,NOAA-21,JANUÁRIA,MINAS GERAIS,Brasil,3135209,31,33,,,,Cerrado,1.0
5ed1bdce-a16b-36d9-81b7-78bb80420003, -15.239620, -45.140560,2024-03-26 04:08:00,NOAA-21,JANUÁRIA,MINAS GERAIS,Brasil,3135209,31,33,,,,Cerrado,0.8
bd825420-0d8a-32d1-8d56-7cd61402d0bb, -16.347900, -43.696450,2024-03-26 04:08:00,NOAA-21,CAPITÃO ENÉAS,MINAS GERAIS,Brasil,3112703,31,33,,,,Cerrado,1.4
d3051d3b-82c9-3a1f-a102-9e66e3326ad1, -16.682550, -43.884480,2024-03-26 04:08:00,NOAA-21,MONTES CLAROS,MINAS GERAIS,Brasil,3143302,31,33,,,,Cerrado,2.5
f4992bf4-ce20-37cf-94a6-907825d01692, -13.847650, -45.589760,2024-03-26 04:08:00,NOAA-21,JABORANDI,BAHIA,Brasil,2917359,29,33,,,,Cerrado,4.0
d7394bca-3c2d-3ff7-924d-1ffa090e5c40, -13.847000, -45.593640,2024-03-26 04:08:00,NOAA-21,JABORANDI,BAHIA,Brasil,2917359,29,33,,,,Cerrado,0.5
bc7ca98e-34d4-3981-a94e-508e769e8a9e, -13.406860, -41.323730,2024-03-26 04:08:00,NOAA-21,IBICOARA,BAHIA,Brasil,2912202,29,33,,,,Caatinga,1.2
7c707da7-baca-353b-9c07-ec7e6bf5eb7d, -12.768230, -39.252030,2024-03-26 04:08:00,NOAA-21,SAPEAÇU,BAHIA,Brasil,2929602,29,33,,,,Mata Atlântica,1.2
c20b9780-0257-3c5a-971e-0506b213d9b6, -12.399720, -38.344960,2024-03-26 04:08:00,NOAA-21,POJUCA,BAHIA,Brasil,2925204,29,33,,,,Mata Atlântica,2.0
fbdd8309-67e0-3c59-a24b-999a5f802102, -18.290040, -39.781410,2024-03-26 04:10:00,NOAA-21,CONCEIÇÃO DA BARRA,ESPÍRITO SANTO,Brasil,3201605,32,33,,,,Mata Atlântica,2.4
d85efa11-8b72-3020-80f9-4c0884518419, -23.704850, -46.476100,2024-03-26 04:10:00,NOAA-21,MAUÁ,SÃO PAULO,Brasil,3529401,35,33,,,,Mata Atlântica,1.0
7f5268f1-d42e-3478-8a75-703fcf20cb56, -23.594580, -47.438110,2024-03-26 04:10:00,NOAA-21,VOTORANTIM,SÃO PAULO,Brasil,3557006,35,33,,,,Mata Atlântica,1.2
62b8d8cf-ecd1-3ed9-8edb-40be9a3bd2f2, -23.405990, -46.557290,2024-03-26 04:10:00,NOAA-21,SÃO PAULO,SÃO PAULO,Brasil,3550308,35,33,,,,Mata Atlântica,1.6
489ed422-9c07-336a-b8bb-e3a1e9b8536c, -23.339860, -46.772670,2024-03-26 04:10:00,NOAA-21,CAIEIRAS,SÃO PAULO,Brasil,3509007,35,33,,,,Mata Atlântica,2.3
5335efa5-f943-359f-aa04-63043df7758c, -23.267360, -48.398320,2024-03-26 04:10:00,NOAA-21,BOFETE,SÃO PAULO,Brasil,3506904,35,33,,,,Cerrado,4.0
a58491d8-d61e-3165-bac9-2fd0fd0c030a, -23.266600, -48.402630,2024-03-26 04:10:00,NOAA-21,BOFETE,SÃO PAULO,Brasil,3506904,35,33,,,,Cerrado,4.0
216e151c-f27e-3f96-b410-bbb896c3d8f7, -22.774860, -47.205750,2024-03-26 04:10:00,NOAA-21,PAULÍNIA,SÃO PAULO,Brasil,3536505,35,33,,,,Cerrado,2.6
8d4d9819-4853-30bc-841d-b6457fb47844, -21.984850, -49.407650,2024-03-26 04:10:00,NOAA-21,PIRAJUÍ,SÃO PAULO,Brasil,3538907,35,33,,,,Mata Atlântica,2.0
88d20362-b1e2-3460-9f3a-fd81b65b2552, -21.813200, -53.064180,2024-03-26 04:10:00,NOAA-21,BATAGUASSU,MATO GROSSO DO SUL,Brasil,5001904,50,33,,,,Cerrado,1.3
1cc5caff-cddc-3a7d-88d6-3cafe06ef080, -20.252070, -40.243830,2024-03-26 04:10:00,NOAA-21,VITÓRIA,ESPÍRITO SANTO,Brasil,3205309,32,33,,,,Mata Atlântica,1.7
9a2c0233-55c7-3032-b870-ff3b57502342, -20.248200, -40.243260,2024-03-26 04:10:00,NOAA-21,VITÓRIA,ESPÍRITO SANTO,Brasil,3205309,32,33,,,,Mata Atlântica,6.4
10786271-224e-3a19-8dfa-b855a19cae8d, -20.241110, -40.237000,2024-03-26 04:10:00,NOAA-21,VITÓRIA,ESPÍRITO SANTO,Brasil,3205309,32,33,,,,Mata Atlântica,2.9
881613f8-92fc-33f8-8bc2-fc3210fafc90, -20.240460, -40.242120,2024-03-26 04:10:00,NOAA-21,VITÓRIA,ESPÍRITO SANTO,Brasil,3205309,32,33,,,,Mata Atlântica,1.4
aff4ea32-a425-3ffc-9824-8cf89909ecc1, -20.239370, -40.240410,2024-03-26 04:10:00,NOAA-21,VITÓRIA,ESPÍRITO SANTO,Brasil,3205309,32,33,,,,Mata Atlântica,4.4
293bd8b4-e55b-3d95-92ea-200484f07417, -20.236860, -40.229610,2024-03-26 04:10:00,NOAA-21,SERRA,ESPÍRITO SANTO,Brasil,3205002,32,33,,,,Mata Atlântica,1.4
ec39dc49-7b30-3e47-9c67-ec8bfd0cfded, -20.236590, -40.241540,2024-03-26 04:10:00,NOAA-21,SERRA,ESPÍRITO SANTO,Brasil,3205002,32,33,,,,Mata Atlântica,1.4
ec694c92-c059-3490-b9ae-6e252b67f465, -20.235500, -40.239850,2024-03-26 04:10:00,NOAA-21,SERRA,ESPÍRITO SANTO,Brasil,3205002,32,33,,,,Mata Atlântica,1.7
001fcb8e-b8a0-3cfd-9180-7f263e462a9c, -20.234830, -40.244940,2024-03-26 04:10:00,NOAA-21,SERRA,ESPÍRITO SANTO,Brasil,3205002,32,33,,,,Mata Atlântica,4.9
342b207d-b973-3ac9-97be-e28e8326974a, -20.234010, -40.230720,2024-03-26 04:10:00,NOAA-21,SERRA,ESPÍRITO SANTO,Brasil,3205002,32,33,,,,Mata Atlântica,2.4
6c11fcb3-6058-3f01-816c-392d1556712c, -20.233370, -40.235860,2024-03-26 04:10:00,NOAA-21,SERRA,ESPÍRITO SANTO,Brasil,3205002,32,33,,,,Mata Atlântica,2.4
a1fac1d2-c116-3ae4-99aa-57822b92573b, -20.232990, -40.229030,2024-03-26 04:10:00,NOAA-21,SERRA,ESPÍRITO SANTO,Brasil,3205002,32,33,,,,Mata Atlântica,1.4
765548a2-5d3d-365e-9e3e-c5369a421fac, -20.232720, -40.240970,2024-03-26 04:10:00,NOAA-21,SERRA,ESPÍRITO SANTO,Brasil,3205002,32,33,,,,Mata Atlântica,2.5
184b33d8-2934-30a3-8e5d-b9199d556047, -20.232310, -40.234170,2024-03-26 04:10:00,NOAA-21,SERRA,ESPÍRITO SANTO,Brasil,3205002,32,33,,,,Mata Atlântica,1.7
3024eac1-d221-35c0-8d7a-1715482a0c70, -20.232070, -40.246090,2024-03-26 04:10:00,NOAA-21,SERRA,ESPÍRITO SANTO,Brasil,3205002,32,33,,,,Mata Atlântica,2.5
5c123464-8fee-39c9-903f-a0f8bb8ebcb1, -20.231630, -40.239280,2024-03-26 04:10:00,NOAA-21,SERRA,ESPÍRITO SANTO,Brasil,3205002,32,33,,,,Mata Atlântica,1.7
68c5103e-cc4f-3670-b9ea-407eddc4a97c, -18.461610, -40.596550,2024-03-26 04:10:00,NOAA-21,ECOPORANGA,ESPÍRITO SANTO,Brasil,3202108,32,33,,,,Mata Atlântica,5.9
3ba70c9b-2f04-3049-98d3-e4f38746646c, -18.460290, -40.593560,2024-03-26 04:10:00,NOAA-21,ECOPORANGA,ESPÍRITO SANTO,Brasil,3202108,32,33,,,,Mata Atlântica,5.0
db1eba77-f7fd-3b30-a19b-1bea0b66c2ed, -18.459670, -40.598180,2024-03-26 04:10:00,NOAA-21,ECOPORANGA,ESPÍRITO SANTO,Brasil,3202108,32,33,,,,Mata Atlântica,5.8
9774ba75-e76d-3ac6-9c8f-7d2198947cdd, -18.457900, -40.595950,2024-03-26 04:10:00,NOAA-21,ECOPORANGA,ESPÍRITO SANTO,Brasil,3202108,32,33,,,,Mata Atlântica,4.4
cea408f4-30db-351b-953c-f57334487633, -18.293250, -39.787070,2024-03-26 04:10:00,NOAA-21,CONCEIÇÃO DA BARRA,ESPÍRITO SANTO,Brasil,3201605,32,33,,,,Mata Atlântica,5.4
cbc02c00-333d-369c-95cd-22d579fb4ac4, -18.289370, -39.786480,2024-03-26 04:10:00,NOAA-21,CONCEIÇÃO DA BARRA,ESPÍRITO SANTO,Brasil,3201605,32,33,,,,Mata Atlântica,2.4
664528ca-f608-3d4d-bd30-38ccb9a966aa, -18.286160, -39.780830,2024-03-26 04:10:00,NOAA-21,CONCEIÇÃO DA BARRA,ESPÍRITO SANTO,Brasil,3201605,32,33,,,,Mata Atlântica,2.4
73fdc0a5-a0a8-390d-8a6a-f73b5f62c9e1, -23.008110, -52.697710,2024-03-26 04:12:00,NOAA-21,GUAIRAÇÁ,PARANÁ,Brasil,4108908,41,33,,,,Mata Atlântica,2.6
bd53b3a4-a09f-3d5c-86d9-f32d138b925e, -23.984550, -48.916450,2024-03-26 04:12:00,NOAA-21,ITAPEVA,SÃO PAULO,Brasil,3522406,35,33,,,,Cerrado,1.4
f537867e-459c-34a8-9ecf-279fd5a4a6cd, -24.242910, -50.742070,2024-03-26 04:12:00,NOAA-21,ORTIGUEIRA,PARANÁ,Brasil,4117305,41,33,,,,Mata Atlântica,1.6
602bfab5-581d-3506-afef-e6fda7de3719, -25.193550, -49.326810,2024-03-26 04:12:00,NOAA-21,RIO BRANCO DO SUL,PARANÁ,Brasil,4122206,41,33,,,,Mata Atlântica,1.6
3ae67ae5-ad22-32ec-8785-f3742f84849c, -26.505670, -51.211820,2024-03-26 04:12:00,NOAA-21,MATOS COSTA,SANTA CATARINA,Brasil,4210704,42,33,,,,Mata Atlântica,3.8
d8bf61a8-fd82-388d-a204-a37180b103fe, -26.956270, -50.770260,2024-03-26 04:12:00,NOAA-21,LEBON RÉGIS,SANTA CATARINA,Brasil,4209706,42,33,,,,Mata Atlântica,1.4
ae5cdd13-59b7-3060-b83c-aa92a93c2a4d, -27.396210, -51.668980,2024-03-26 04:12:00,NOAA-21,CAPINZAL,SANTA CATARINA,Brasil,4203907,42,33,,,,Mata Atlântica,1.3
29eaca51-3f16-3bd2-a483-e0503ae4b227, -27.688770, -50.664270,2024-03-26 04:12:00,NOAA-21,SÃO JOSÉ DO CERRITO,SANTA CATARINA,Brasil,4216800,42,33,,,,Mata Atlântica,1.5
626161ff-dcce-39c0-aa6a-8e388736d186, -28.584620, -49.439850,2024-03-26 04:12:00,NOAA-21,SIDERÓPOLIS,SANTA CATARINA,Brasil,4217600,42,33,,,,Mata Atlântica,0.9
8560cf7e-1e18-3cac-8d30-e09f924875da, -28.588070, -49.440620,2024-03-26 04:12:00,NOAA-21,SIDERÓPOLIS,SANTA CATARINA,Brasil,4217600,42,33,,,,Mata Atlântica,0.7
d09281e0-f473-34eb-9ada-c0ebd558e747, -30.151710, -52.026140,2024-03-26 04:14:00,NOAA-21,MINAS DO LEÃO,RIO GRANDE DO SUL,Brasil,4312252,43,33,,,,Pampa,0.7
fe3d8d1e-ded4-34fb-a850-b01b7281f140,    .559200, -60.364120,2024-03-26 04:32:00,NPP-375D,RORAINÓPOLIS,RORAIMA,Brasil,1400472,14,33,,,,Amazônia,3.0
4c685199-7f75-3559-94bf-1273ce4a13c3,    .560320, -60.371480,2024-03-26 04:32:00,NPP-375D,RORAINÓPOLIS,RORAIMA,Brasil,1400472,14,33,,,,Amazônia,3.0
59d9fb33-139b-358d-a84d-e855ea96ec4e, -13.845020, -45.590240,2024-03-26 04:34:00,NPP-375D,JABORANDI,BAHIA,Brasil,2917359,29,33,,,,Cerrado,2.9
d682fb51-1f05-3061-9182-aa9601d0ca9c, -13.848820, -45.590800,2024-03-26 04:34:00,NPP-375D,JABORANDI,BAHIA,Brasil,2917359,29,33,,,,Cerrado,2.9
10272500-ccda-36d8-b6ba-ab6cd64087f3, -13.405000, -41.321450,2024-03-26 04:34:00,NPP-375D,IBICOARA,BAHIA,Brasil,2912202,29,33,,,,Caatinga,1.6
5b55f650-b7db-3eb2-8449-dcdd5697560a, -12.226570, -44.511330,2024-03-26 04:34:00,NPP-375D,CATOLÂNDIA,BAHIA,Brasil,2907400,29,33,,,,Cerrado,1.1
936d2fa8-9363-3798-b410-c6bc742a60b7, -11.188760, -44.466980,2024-03-26 04:34:00,NPP-375D,SANTA RITA DE CÁSSIA,BAHIA,Brasil,2928406,29,33,,,,Cerrado,1.4
7595df5a-f6f8-3047-b4ee-0132d09b8c79, -11.185850, -44.464900,2024-03-26 04:34:00,NPP-375D,SANTA RITA DE CÁSSIA,BAHIA,Brasil,2928406,29,33,,,,Cerrado,3.4
090e2ec3-37fe-39c2-aff2-3f1467993093, -11.185120, -44.469900,2024-03-26 04:34:00,NPP-375D,SANTA RITA DE CÁSSIA,BAHIA,Brasil,2928406,29,33,,,,Cerrado,3.4
89187a8f-b635-32ee-a04a-1117764baac9,  -8.390230, -44.083500,2024-03-26 04:34:00,NPP-375D,ALVORADA DO GURGUÉIA,PIAUÍ,Brasil,2200459,22,33,,,,Cerrado,2.2
265122aa-8632-37d7-9aa1-6cdfa68fdf4b, -13.849470, -45.586040,2024-03-26 04:34:00,NPP-375D,JABORANDI,BAHIA,Brasil,2917359,29,33,,,,Cerrado,1.1
24d27d1d-5ede-3645-977f-e94052f8e98b, -18.457640, -40.593890,2024-03-26 04:36:00,NPP-375D,ECOPORANGA,ESPÍRITO SANTO,Brasil,3202108,32,33,,,,Mata Atlântica,2.2
b28e3f1c-866b-38dd-971e-3d884bb05f5d, -18.457240, -40.597720,2024-03-26 04:36:00,NPP-375D,ECOPORANGA,ESPÍRITO SANTO,Brasil,3202108,32,33,,,,Mata Atlântica,2.2
91e2488e-ae8d-3c8a-9171-8b0ff7e43541, -18.463230, -40.594650,2024-03-26 04:36:00,NPP-375D,ECOPORANGA,ESPÍRITO SANTO,Brasil,3202108,32,33,,,,Mata Atlântica,1.2
c36ddf8e-e651-3abd-961e-e850a4f0ef2f, -17.296350, -57.446960,2024-03-26 04:36:00,NPP-375D,CÁCERES,MATO GROSSO,Brasil,5102504,51,33,,,,Pantanal,1.2
75210ddd-af3d-37ad-8162-0e3de5cfc8fc, -17.284640, -57.434680,2024-03-26 04:36:00,NPP-375D,CÁCERES,MATO GROSSO,Brasil,5102504,51,33,,,,Pantanal,1.1
947b85b8-0b7e-3945-9734-1028172fea3f, -17.283740, -57.439390,2024-03-26 04:36:00,NPP-375D,CÁCERES,MATO GROSSO,Brasil,5102504,51,33,,,,Pantanal,1.1
0c16865d-7155-3687-b2fb-3952c80d4215, -17.281960, -57.448800,2024-03-26 04:36:00,NPP-375D,CÁCERES,MATO GROSSO,Brasil,5102504,51,33,,,,Pantanal,1.8
7c937386-93e9-3a54-b42e-6a5c61f133ec, -17.281060, -57.453510,2024-03-26 04:36:00,NPP-375D,CÁCERES,MATO GROSSO,Brasil,5102504,51,33,,,,Pantanal,1.1
fab60f5f-ff23-3093-b7b8-ad9381c83d38, -17.277460, -57.447850,2024-03-26 04:36:00,NPP-375D,CÁCERES,MATO GROSSO,Brasil,5102504,51,33,,,,Pantanal,1.8
df01b699-cfab-35cb-995c-fd309c90af94, -17.276560, -57.452560,2024-03-26 04:36:00,NPP-375D,CÁCERES,MATO GROSSO,Brasil,5102504,51,33,,,,Pantanal,1.1
d9acfc53-205f-3058-82fd-bad0c5204a4e, -14.759890, -57.744050,2024-03-26 04:36:00,NPP-375D,TANGARÁ DA SERRA,MATO GROSSO,Brasil,5107958,51,33,,,,Amazônia,3.0
f1cef0b5-098a-3806-80dc-35ab7a12d1d4, -16.683090, -43.887450,2024-03-26 04:36:00,NPP-375D,MONTES CLAROS,MINAS GERAIS,Brasil,3143302,31,33,,,,Cerrado,1.1
6ff4adf2-b7d6-3eee-a88a-af6ceedecb1b, -16.678710, -43.886760,2024-03-26 04:36:00,NPP-375D,MONTES CLAROS,MINAS GERAIS,Brasil,3143302,31,33,,,,Cerrado,0.8
8002f145-2f35-30ba-aef7-105fdbf0b223, -15.238740, -45.142890,2024-03-26 04:36:00,NPP-375D,JANUÁRIA,MINAS GERAIS,Brasil,3135209,31,33,,,,Cerrado,2.3
782849aa-6117-3473-9f69-427d57b19f7d, -23.270030, -48.398120,2024-03-26 04:38:00,NPP-375D,BOFETE,SÃO PAULO,Brasil,3506904,35,33,,,,Cerrado,1.0
30857795-c62d-3b03-b653-9dffecc9e02a, -27.688630, -50.661740,2024-03-26 04:38:00,NPP-375D,SÃO JOSÉ DO CERRITO,SANTA CATARINA,Brasil,4216800,42,33,,,,Mata Atlântica,1.2
ab1ae87a-1868-3dc8-b87b-5b4c5a79b6bc, -27.394880, -51.670230,2024-03-26 04:38:00,NPP-375D,CAPINZAL,SANTA CATARINA,Brasil,4203907,42,33,,,,Mata Atlântica,1.6
eafd3ba9-d619-30bb-84bf-e57c20809fac, -26.957620, -50.770590,2024-03-26 04:38:00,NPP-375D,LEBON RÉGIS,SANTA CATARINA,Brasil,4209706,42,33,,,,Mata Atlântica,0.3
99b891b4-f517-3acd-8b4c-ce0cff0b59a1, -26.954170, -50.770000,2024-03-26 04:38:00,NPP-375D,LEBON RÉGIS,SANTA CATARINA,Brasil,4209706,42,33,,,,Mata Atlântica,0.3
b9546817-94fd-3938-9be3-9c331a621090, -23.265770, -48.402090,2024-03-26 04:38:00,NPP-375D,BOFETE,SÃO PAULO,Brasil,3506904,35,33,,,,Cerrado,2.2
12052ea4-35eb-34e8-99e3-dbdaf278100e, -25.326690, -52.739620,2024-03-26 04:38:00,NPP-375D,ESPIGÃO ALTO DO IGUAÇU,PARANÁ,Brasil,4107546,41,33,,,,Mata Atlântica,1.0
cfb34a4f-f3f1-3ebe-8c7d-d9b93483a7ee, -23.778070, -54.585600,2024-03-26 04:38:00,NPP-375D,JAPORÃ,MATO GROSSO DO SUL,Brasil,5004809,50,33,,,,Mata Atlântica,0.5
c34c3c63-f93c-3769-a12e-4bb574e98f7a, -21.016940, -55.655720,2024-03-26 04:38:00,NPP-375D,NIOAQUE,MATO GROSSO DO SUL,Brasil,5005806,50,33,,,,Cerrado,1.4
b5eaaf7f-ac5e-3778-a094-a6a534f46ca7, -23.266370, -48.397590,2024-03-26 04:38:00,NPP-375D,BOFETE,SÃO PAULO,Brasil,3506904,35,33,,,,Cerrado,2.2
82f085f0-8355-3c9f-9be6-ebfcae4315a5, -21.985360, -49.407600,2024-03-26 04:38:00,NPP-375D,PIRAJUÍ,SÃO PAULO,Brasil,3538907,35,33,,,,Mata Atlântica,2.1
94578613-94cd-3a95-9885-65d7abd38c01, -22.110270, -53.044460,2024-03-26 04:38:00,NPP-375D,ANAURILÂNDIA,MATO GROSSO DO SUL,Brasil,5000807,50,33,,,,Cerrado,0.6
70a54d4b-cba1-3013-9866-e8781cbdfa4e, -22.113120, -56.747000,2024-03-26 04:38:00,NPP-375D,BELA VISTA,MATO GROSSO DO SUL,Brasil,5002100,50,33,,,,Cerrado,1.0
8965924e-223c-31f4-b9cc-f2cd5f4fea39, -22.539420, -48.812040,2024-03-26 04:38:00,NPP-375D,MACATUBA,SÃO PAULO,Brasil,3528007,35,33,,,,Cerrado,1.5
a0481905-b0fd-350f-9612-dda48bcbbc36, -23.008490, -52.701070,2024-03-26 04:38:00,NPP-375D,GUAIRAÇÁ,PARANÁ,Brasil,4108908,41,33,,,,Mata Atlântica,1.2
75f39947-1a5a-3f1d-9019-f030a7b8a38b, -23.269430, -48.402640,2024-03-26 04:38:00,NPP-375D,BOFETE,SÃO PAULO,Brasil,3506904,35,33,,,,Cerrado,1.0
cc714b64-c546-311a-bb34-81e523641077, -23.009100, -52.697280,2024-03-26 04:38:00,NPP-375D,GUAIRAÇÁ,PARANÁ,Brasil,4108908,41,33,,,,Mata Atlântica,1.2
d8edfb4f-5d72-3199-bd6c-ce441a4caedf, -23.774580, -54.584900,2024-03-26 04:38:00,NPP-375D,JAPORÃ,MATO GROSSO DO SUL,Brasil,5004809,50,33,,,,Mata Atlântica,0.5
c3873d3d-3a08-38db-9bca-2d2cdf95c655, -23.593030, -47.439910,2024-03-26 04:38:00,NPP-375D,VOTORANTIM,SÃO PAULO,Brasil,3557006,35,33,,,,Mata Atlântica,0.8
50f8c409-2dc1-3df9-b973-94638529dba4, -23.018310, -52.697580,2024-03-26 05:21:00,AQUA_M-M,GUAIRAÇÁ,PARANÁ,Brasil,4108908,41,33,,,,Mata Atlântica,5.7
d09fade7-d490-3a89-91e0-70bfd2ac7886,   2.823910, -61.779720,2024-03-26 05:44:00,NOAA-21,ALTO ALEGRE,RORAIMA,Brasil,1400050,14,33,,,,Amazônia,5.5
723a9219-712d-3a86-850e-24c331496c7a,   3.215320, -59.912890,2024-03-26 05:44:00,NOAA-21,BONFIM,RORAIMA,Brasil,1400159,14,33,,,,Amazônia,1.4
510e3586-28b8-34df-a45e-268b19096806,   3.055310, -59.974720,2024-03-26 05:44:00,NOAA-21,BONFIM,RORAIMA,Brasil,1400159,14,33,,,,Amazônia,1.8
0a80a00c-d6e4-334e-a43f-174f9c42105b,   3.052860, -59.974810,2024-03-26 05:44:00,NOAA-21,BONFIM,RORAIMA,Brasil,1400159,14,33,,,,Amazônia,1.7
b1478ad1-2852-3aa3-b8a2-17b4e938255f,   3.209020, -59.924540,2024-03-26 05:44:00,NOAA-21,BONFIM,RORAIMA,Brasil,1400159,14,33,,,,Amazônia,1.1
9cef980a-2b04-3fbf-ae5f-9ad184f4c94a,   3.205040, -59.925200,2024-03-26 05:44:00,NOAA-21,BONFIM,RORAIMA,Brasil,1400159,14,33,,,,Amazônia,1.0
6fa8e6f2-db4f-3d86-b19d-0900c24b9070,   3.123730, -59.917560,2024-03-26 05:44:00,NOAA-21,BONFIM,RORAIMA,Brasil,1400159,14,33,,,,Amazônia,1.0
02c2baf0-dd53-3b57-8c58-a36f6662aff3,   2.310490, -60.215750,2024-03-26 05:44:00,NOAA-21,CANTÁ,RORAIMA,Brasil,1400175,14,33,,,,Amazônia,2.8
1b04be6f-79bd-3a66-9691-2671fdc6b3d4,   2.307340, -60.221530,2024-03-26 05:44:00,NOAA-21,CANTÁ,RORAIMA,Brasil,1400175,14,33,,,,Amazônia,3.8
4479b603-c77c-3682-b1a1-c027d68bf1b9,   2.306530, -60.216340,2024-03-26 05:44:00,NOAA-21,CANTÁ,RORAIMA,Brasil,1400175,14,33,,,,Amazônia,3.8
20f66b81-02bb-3360-b600-92bb696797e8,   2.304190, -60.227280,2024-03-26 05:44:00,NOAA-21,CANTÁ,RORAIMA,Brasil,1400175,14,33,,,,Amazônia,4.1
4599f753-3535-389b-adde-9ca72db34a64,   2.303380, -60.222120,2024-03-26 05:44:00,NOAA-21,CANTÁ,RORAIMA,Brasil,1400175,14,33,,,,Amazônia,3.8
a6a2455d-6223-3c15-b545-95c8a1f0cd13,   3.451500, -61.104690,2024-03-26 05:44:00,NOAA-21,AMAJARI,RORAIMA,Brasil,1400027,14,33,,,,Amazônia,5.1
ed477a2e-76d1-30d1-a55e-b34bb907999b,   3.449940, -61.102540,2024-03-26 05:44:00,NOAA-21,AMAJARI,RORAIMA,Brasil,1400027,14,33,,,,Amazônia,5.9
5f5ea8a8-7a2a-3647-90c2-5c00bb869b68,   3.449180, -61.114070,2024-03-26 05:44:00,NOAA-21,AMAJARI,RORAIMA,Brasil,1400027,14,33,,,,Amazônia,12.2
d6baa1e0-0beb-388b-a0f8-7ed82f26d1dd,   3.448490, -61.109680,2024-03-26 05:44:00,NOAA-21,AMAJARI,RORAIMA,Brasil,1400027,14,33,,,,Amazônia,12.2
dd1c71a5-ae84-3408-b505-db5eee834218,   3.448400, -61.116260,2024-03-26 05:44:00,NOAA-21,AMAJARI,RORAIMA,Brasil,1400027,14,33,,,,Amazônia,12.1
4a23d3d5-7d9f-3647-a535-c165c7f022b8,   3.445490, -61.114670,2024-03-26 05:44:00,NOAA-21,AMAJARI,RORAIMA,Brasil,1400027,14,33,,,,Amazônia,12.2
fababef5-ca44-34f5-94bf-aa19c537db75,   3.455190, -61.104100,2024-03-26 05:44:00,NOAA-21,AMAJARI,RORAIMA,Brasil,1400027,14,33,,,,Amazônia,5.1
5a80fb39-90e7-37c7-93da-b0059997ffd5,   3.453640, -61.101940,2024-03-26 05:44:00,NOAA-21,AMAJARI,RORAIMA,Brasil,1400027,14,33,,,,Amazônia,4.3
7fec1ed2-0bf5-3723-996c-b216585b91a5,   3.452880, -61.113460,2024-03-26 05:44:00,NOAA-21,AMAJARI,RORAIMA,Brasil,1400027,14,33,,,,Amazônia,7.2
2e6350d2-d7d8-3796-b24f-ea3fb46ef384,   3.452190, -61.109080,2024-03-26 05:44:00,NOAA-21,AMAJARI,RORAIMA,Brasil,1400027,14,33,,,,Amazônia,7.2
833b2426-355c-3960-b7fd-0afdb5eb755e,   3.452090, -61.115670,2024-03-26 05:44:00,NOAA-21,AMAJARI,RORAIMA,Brasil,1400027,14,33,,,,Amazônia,12.1
0e62e8dc-e941-3512-8b99-32476781aba1,   3.451380, -61.111290,2024-03-26 05:44:00,NOAA-21,AMAJARI,RORAIMA,Brasil,1400027,14,33,,,,Amazônia,12.1
a1f317f6-3943-35ae-a1e0-79a4c80aaf1e,   3.450660, -61.106910,2024-03-26 05:44:00,NOAA-21,AMAJARI,RORAIMA,Brasil,1400027,14,33,,,,Amazônia,5.9
b417913f-4449-3169-8648-b40cfeef88ec,   3.447680, -61.111890,2024-03-26 05:44:00,NOAA-21,AMAJARI,RORAIMA,Brasil,1400027,14,33,,,,Amazônia,12.1
698e84c3-2b02-317c-9564-6b64227e16ed,   3.213750, -61.287060,2024-03-26 05:44:00,NOAA-21,ALTO ALEGRE,RORAIMA,Brasil,1400050,14,33,,,,Amazônia,3.9
89376442-622d-37e7-b762-1c2f153c5e04,   2.897100, -61.512170,2024-03-26 05:44:00,NOAA-21,ALTO ALEGRE,RORAIMA,Brasil,1400050,14,33,,,,Amazônia,2.7
079c92eb-52bd-3ff7-9652-f998dbfdc5cc,   2.857120, -61.616640,2024-03-26 05:44:00,NOAA-21,MUCAJAÍ,RORAIMA,Brasil,1400308,14,33,,,,Amazônia,4.4
fde7e2da-8606-34fa-aa5a-b5df0f4a3eff,   2.853500, -61.617250,2024-03-26 05:44:00,NOAA-21,MUCAJAÍ,RORAIMA,Brasil,1400308,14,33,,,,Amazônia,3.8
e3d7436f-6000-3ee1-8d1f-bedd0cf8b0f7,   2.458710, -60.862610,2024-03-26 05:44:00,NOAA-21,BOA VISTA,RORAIMA,Brasil,1400100,14,33,,,,Amazônia,3.5
932bc19f-cc6f-3357-b149-dc27a8ea82b1,   2.299650, -60.351520,2024-03-26 05:44:00,NOAA-21,CANTÁ,RORAIMA,Brasil,1400175,14,33,,,,Amazônia,2.2
aefd119d-a8cb-3254-9b65-70a20bd6233f,   2.244750, -60.713280,2024-03-26 05:44:00,NOAA-21,CANTÁ,RORAIMA,Brasil,1400175,14,33,,,,Amazônia,2.0
95d0f926-fba9-3fd2-a3af-8c4bcd6f6968,   2.241510, -60.416170,2024-03-26 05:44:00,NOAA-21,CANTÁ,RORAIMA,Brasil,1400175,14,33,,,,Amazônia,6.2
ae4b705d-4d00-3baf-b6a7-7ff9bdc67b58,   2.240900, -60.713910,2024-03-26 05:44:00,NOAA-21,CANTÁ,RORAIMA,Brasil,1400175,14,33,,,,Amazônia,2.0
c85d1755-027d-3b8a-8e37-c98073bdc02a,   2.237550, -60.416480,2024-03-26 05:44:00,NOAA-21,CANTÁ,RORAIMA,Brasil,1400175,14,33,,,,Amazônia,5.0
9c9aa17f-6849-37fc-b97c-1261c70a3c56,   2.154860, -60.500530,2024-03-26 05:44:00,NOAA-21,CANTÁ,RORAIMA,Brasil,1400175,14,33,,,,Amazônia,2.2
881808c3-5214-3bf0-ad47-565a1d6ea780,   2.154350, -60.502020,2024-03-26 05:44:00,NOAA-21,CANTÁ,RORAIMA,Brasil,1400175,14,33,,,,Amazônia,2.8
1f117754-c199-3558-b986-9aabade2a3f8,   3.926100, -61.841160,2024-03-26 05:44:00,NOAA-21,AMAJARI,RORAIMA,Brasil,1400027,14,33,,,,Amazônia,2.1
e30d95bd-4387-3643-9e34-a69a950bf39a,   3.922530, -61.841510,2024-03-26 05:44:00,NOAA-21,AMAJARI,RORAIMA,Brasil,1400027,14,33,,,,Amazônia,2.1
2bcf68bf-8e95-3a3a-ab01-38dbbc838975,   3.242110, -61.718650,2024-03-26 05:44:00,NOAA-21,ALTO ALEGRE,RORAIMA,Brasil,1400050,14,33,,,,Amazônia,5.4
6993f00b-6182-3c88-a600-67781a658647,   3.241440, -61.714560,2024-03-26 05:44:00,NOAA-21,ALTO ALEGRE,RORAIMA,Brasil,1400050,14,33,,,,Amazônia,5.4
d0211f63-2706-3016-a716-0bc7e338eaa6,   3.240780, -61.710460,2024-03-26 05:44:00,NOAA-21,ALTO ALEGRE,RORAIMA,Brasil,1400050,14,33,,,,Amazônia,11.8
c3b37e5c-0fb8-3f3e-aa98-f11865ee47f8,   3.240120, -61.706350,2024-03-26 05:44:00,NOAA-21,ALTO ALEGRE,RORAIMA,Brasil,1400050,14,33,,,,Amazônia,11.8
1bb37101-8901-34e7-abce-77c67e0aeb87,   3.239180, -61.723280,2024-03-26 05:44:00,NOAA-21,ALTO ALEGRE,RORAIMA,Brasil,1400050,14,33,,,,Amazônia,5.7
592accde-de78-39ab-bba8-ad03873b891c,   3.237850, -61.715100,2024-03-26 05:44:00,NOAA-21,ALTO ALEGRE,RORAIMA,Brasil,1400050,14,33,,,,Amazônia,4.0
e5194e4b-3747-3bfb-abc9-142f506ff1ec,   3.237190, -61.711020,2024-03-26 05:44:00,NOAA-21,ALTO ALEGRE,RORAIMA,Brasil,1400050,14,33,,,,Amazônia,2.6
28700b08-9df6-3eb1-a566-97fd849d0354,   3.235590, -61.723830,2024-03-26 05:44:00,NOAA-21,ALTO ALEGRE,RORAIMA,Brasil,1400050,14,33,,,,Amazônia,5.7
0243ac17-f431-33e5-b38f-480650d66e27,   3.234260, -61.715640,2024-03-26 05:44:00,NOAA-21,ALTO ALEGRE,RORAIMA,Brasil,1400050,14,33,,,,Amazônia,4.0
335b1a9f-5d74-3869-9b08-95deb1b10495,   3.230680, -61.716190,2024-03-26 05:44:00,NOAA-21,ALTO ALEGRE,RORAIMA,Brasil,1400050,14,33,,,,Amazônia,4.3
dc9cb289-ae0b-38d8-bbd9-24387e6517e8,   3.218110, -61.720750,2024-03-26 05:44:00,NOAA-21,ALTO ALEGRE,RORAIMA,Brasil,1400050,14,33,,,,Amazônia,4.4
cd935b47-8bdc-3782-bac7-885379b13d11,   3.245690, -61.718120,2024-03-26 05:44:00,NOAA-21,ALTO ALEGRE,RORAIMA,Brasil,1400050,14,33,,,,Amazônia,5.4
c33d2cae-e096-35c8-b6cd-2ab22573b56a,   3.245030, -61.714010,2024-03-26 05:44:00,NOAA-21,ALTO ALEGRE,RORAIMA,Brasil,1400050,14,33,,,,Amazônia,5.4
d475262e-3a67-351f-a448-123cc054fced,   3.238510, -61.719190,2024-03-26 05:44:00,NOAA-21,ALTO ALEGRE,RORAIMA,Brasil,1400050,14,33,,,,Amazônia,4.0
1e3c28d9-e86b-379e-bd8d-5ca10a0fa02d,   3.236530, -61.706910,2024-03-26 05:44:00,NOAA-21,ALTO ALEGRE,RORAIMA,Brasil,1400050,14,33,,,,Amazônia,2.6
39384001-50ec-3fc6-826a-13692b6ead16,   3.234930, -61.719730,2024-03-26 05:44:00,NOAA-21,ALTO ALEGRE,RORAIMA,Brasil,1400050,14,33,,,,Amazônia,4.0
0f6b6a3f-c5b0-3e93-b462-f1b67fa0cbd6,   3.233600, -61.711550,2024-03-26 05:44:00,NOAA-21,ALTO ALEGRE,RORAIMA,Brasil,1400050,14,33,,,,Amazônia,2.6
ca8191b9-f326-36c4-aa54-30bfdf523eab,   3.221690, -61.720170,2024-03-26 05:44:00,NOAA-21,ALTO ALEGRE,RORAIMA,Brasil,1400050,14,33,,,,Amazônia,3.2
e0fb9e33-548a-3f62-b5c5-608020e2ddb6,   3.219920, -61.717870,2024-03-26 05:44:00,NOAA-21,ALTO ALEGRE,RORAIMA,Brasil,1400050,14,33,,,,Amazônia,3.7
dc36f0d4-0ffd-359b-a4b7-9afd3195413a,   3.215430, -62.510190,2024-03-26 05:44:00,NOAA-21,AMAJARI,RORAIMA,Brasil,1400027,14,33,,,,Amazônia,1.2
360c3537-f063-3093-a5c1-9331474b4ba3,   2.820990, -61.784420,2024-03-26 05:44:00,NOAA-21,ALTO ALEGRE,RORAIMA,Brasil,1400050,14,33,,,,Amazônia,3.3
0e0920a6-7021-3fa9-87b1-cac67b4ba999,   2.820330, -61.780310,2024-03-26 05:44:00,NOAA-21,ALTO ALEGRE,RORAIMA,Brasil,1400050,14,33,,,,Amazônia,4.5
7d038d5d-898c-3021-96be-13b5b03d2dd7,   2.817400, -61.785020,2024-03-26 05:44:00,NOAA-21,ALTO ALEGRE,RORAIMA,Brasil,1400050,14,33,,,,Amazônia,3.3
01251ba1-025b-3f12-9079-c44b6b757374,   2.815920, -61.844220,2024-03-26 05:44:00,NOAA-21,ALTO ALEGRE,RORAIMA,Brasil,1400050,14,33,,,,Amazônia,2.7
bbe80760-0925-3262-8413-dcb985809475,    .647890, -60.489180,2024-03-26 05:46:00,NOAA-21,RORAINÓPOLIS,RORAIMA,Brasil,1400472,14,33,,,,Amazônia,1.1
66b04324-d155-3273-87af-acb1392d55b2,    .647340, -60.485730,2024-03-26 05:46:00,NOAA-21,RORAINÓPOLIS,RORAIMA,Brasil,1400472,14,33,,,,Amazônia,1.1
407f9c41-92a9-327c-ba1a-73fb3177c20c,    .643900, -60.489800,2024-03-26 05:46:00,NOAA-21,RORAINÓPOLIS,RORAIMA,Brasil,1400472,14,33,,,,Amazônia,1.1
e81f12d0-41e6-332a-a85d-8452614ec7e6,    .556430, -60.364660,2024-03-26 05:46:00,NOAA-21,RORAINÓPOLIS,RORAIMA,Brasil,1400472,14,33,,,,Amazônia,6.4
1c199849-b7d0-34eb-9f22-aadf843aedf2,    .555870, -60.361130,2024-03-26 05:46:00,NOAA-21,RORAINÓPOLIS,RORAIMA,Brasil,1400472,14,33,,,,Amazônia,2.8
4a747e82-b25c-3728-8f4d-ff45f8e80a8d,    .555310, -60.357580,2024-03-26 05:46:00,NOAA-21,RORAINÓPOLIS,RORAIMA,Brasil,1400472,14,33,,,,Amazônia,2.8
a8f7c8b0-47fc-3c04-8346-81bf9aa23df1,    .552380, -60.259790,2024-03-26 05:46:00,NOAA-21,RORAINÓPOLIS,RORAIMA,Brasil,1400472,14,33,,,,Amazônia,1.0
d8abf710-8a92-38c7-80b3-c0387608a53e,    .551820, -60.256200,2024-03-26 05:46:00,NOAA-21,RORAINÓPOLIS,RORAIMA,Brasil,1400472,14,33,,,,Amazônia,1.0
c35563ab-1533-3503-83f6-228a10e60916,    .548890, -60.264010,2024-03-26 05:46:00,NOAA-21,RORAINÓPOLIS,RORAIMA,Brasil,1400472,14,33,,,,Amazônia,1.7
15012023-f8ce-3e11-8475-98560fa3c6aa,    .548330, -60.260460,2024-03-26 05:46:00,NOAA-21,RORAINÓPOLIS,RORAIMA,Brasil,1400472,14,33,,,,Amazônia,1.0
043065c9-c628-39a1-89e6-e3d57909c3a0,    .544830, -60.264660,2024-03-26 05:46:00,NOAA-21,RORAINÓPOLIS,RORAIMA,Brasil,1400472,14,33,,,,Amazônia,1.1
acf831a6-9864-3bb1-835c-74937d3be21d,    .229830, -60.642510,2024-03-26 05:46:00,NOAA-21,RORAINÓPOLIS,RORAIMA,Brasil,1400472,14,33,,,,Amazônia,1.3
3022e734-8099-393c-84a0-864edc577e09,    .995080, -60.622710,2024-03-26 05:46:00,NOAA-21,CARACARAÍ,RORAIMA,Brasil,1400209,14,33,,,,Amazônia,1.7
b7412d6e-fa1b-3be6-8417-7a45fa6698d3,   1.080830, -60.403370,2024-03-26 05:46:00,NOAA-21,RORAINÓPOLIS,RORAIMA,Brasil,1400472,14,33,,,,Amazônia,1.3
7d346910-db8a-3bb1-b21c-a2bd2a873b70,   1.078500, -60.414330,2024-03-26 05:46:00,NOAA-21,RORAINÓPOLIS,RORAIMA,Brasil,1400472,14,33,,,,Amazônia,1.2
a35d8d42-6a49-3bc5-9973-a7fe066660ea,   1.077940, -60.410880,2024-03-26 05:46:00,NOAA-21,RORAINÓPOLIS,RORAIMA,Brasil,1400472,14,33,,,,Amazônia,1.2
1033f617-a84b-3e60-b9ab-a07fa2dff5e4,    .972150, -60.377790,2024-03-26 05:46:00,NOAA-21,RORAINÓPOLIS,RORAIMA,Brasil,1400472,14,33,,,,Amazônia,0.7
4d050122-fa23-3543-b045-2d08c8382bad,    .941150, -60.506560,2024-03-26 05:46:00,NOAA-21,RORAINÓPOLIS,RORAIMA,Brasil,1400472,14,33,,,,Amazônia,2.3
3f2b09be-1dc6-358c-8283-bd0f5c24649d,    .858640, -59.447820,2024-03-26 05:46:00,NOAA-21,CAROEBE,RORAIMA,Brasil,1400233,14,33,,,,Amazônia,3.2
f67f9c78-bf81-3e02-8277-b22a09ce32d5,    .771150, -60.111370,2024-03-26 05:46:00,NOAA-21,SÃO LUIZ,RORAIMA,Brasil,1400605,14,33,,,,Amazônia,2.1
409078df-8b5b-3cfe-9325-fca1d2137d85,    .734550, -59.820590,2024-03-26 05:46:00,NOAA-21,SÃO JOÃO DA BALIZA,RORAIMA,Brasil,1400506,14,33,,,,Amazônia,2.0
1b7a354b-a9ed-3239-8925-00a327d84ce4,   1.081380, -60.406810,2024-03-26 05:46:00,NOAA-21,RORAINÓPOLIS,RORAIMA,Brasil,1400472,14,33,,,,Amazônia,1.3
447957a1-83ca-3c28-bac6-3155786d9134,    .799890, -60.532050,2024-03-26 05:46:00,NOAA-21,RORAINÓPOLIS,RORAIMA,Brasil,1400472,14,33,,,,Amazônia,20.7
04af3d79-de18-3b6f-9f35-e7e0aeea0535,    .799350, -60.528660,2024-03-26 05:46:00,NOAA-21,RORAINÓPOLIS,RORAIMA,Brasil,1400472,14,33,,,,Amazônia,45.0
f3301678-7bd6-397d-b0d4-f86796206924,    .795920, -60.532700,2024-03-26 05:46:00,NOAA-21,RORAINÓPOLIS,RORAIMA,Brasil,1400472,14,33,,,,Amazônia,4.4
22b5057c-4044-3a9b-8194-a7acf4bbd03a,    .795380, -60.529300,2024-03-26 05:46:00,NOAA-21,RORAINÓPOLIS,RORAIMA,Brasil,1400472,14,33,,,,Amazônia,10.1
845151a4-d310-3f0e-af34-f37016354c8d,    .783630, -60.429030,2024-03-26 05:46:00,NOAA-21,RORAINÓPOLIS,RORAIMA,Brasil,1400472,14,33,,,,Amazônia,1.1
7d0908d0-28ec-3c70-9a67-4297322e532a,    .783080, -60.425580,2024-03-26 05:46:00,NOAA-21,RORAINÓPOLIS,RORAIMA,Brasil,1400472,14,33,,,,Amazônia,2.6
43a9fb20-b2ac-3836-ba36-3199e9719ad9,    .782540, -60.422120,2024-03-26 05:46:00,NOAA-21,RORAINÓPOLIS,RORAIMA,Brasil,1400472,14,33,,,,Amazônia,2.6
7d78af12-254c-3326-ad1a-0c3c1b923065,    .669730, -60.368210,2024-03-26 05:46:00,NOAA-21,RORAINÓPOLIS,RORAIMA,Brasil,1400472,14,33,,,,Amazônia,1.3
dda577a4-0110-3ab2-8f72-c0c060e17319,    .669180, -60.364690,2024-03-26 05:46:00,NOAA-21,RORAINÓPOLIS,RORAIMA,Brasil,1400472,14,33,,,,Amazônia,1.6
bc176420-1ceb-3312-bd9c-5a7a6e5381ae,    .664750, -60.336570,2024-03-26 05:46:00,NOAA-21,RORAINÓPOLIS,RORAIMA,Brasil,1400472,14,33,,,,Amazônia,1.5
aade83fa-541e-3e03-b420-2d47621ce26a,    .650200, -60.374920,2024-03-26 05:46:00,NOAA-21,RORAINÓPOLIS,RORAIMA,Brasil,1400472,14,33,,,,Amazônia,2.2
65532a25-e48d-3f00-b4f6-d484d57e1942,   3.238520, -61.724350,2024-03-26 06:12:00,NPP-375D,ALTO ALEGRE,RORAIMA,Brasil,1400050,14,33,,,,Amazônia,2.6
f25dd3db-0b69-3158-949a-2ac879debbbe,   3.236750, -61.713980,2024-03-26 06:12:00,NPP-375D,ALTO ALEGRE,RORAIMA,Brasil,1400050,14,33,,,,Amazônia,1.9
12816a89-0a8d-3ff1-ad06-958210e7e4db,   3.236170, -61.710520,2024-03-26 06:12:00,NPP-375D,ALTO ALEGRE,RORAIMA,Brasil,1400050,14,33,,,,Amazônia,1.9
71199032-a48d-3006-b4e0-30b743683d80,   3.096190, -61.684590,2024-03-26 06:12:00,NPP-375D,ALTO ALEGRE,RORAIMA,Brasil,1400050,14,33,,,,Amazônia,1.0
f0d10bfb-4a3b-3bd4-a10a-52ee18892a73,   3.237920, -61.720870,2024-03-26 06:12:00,NPP-375D,ALTO ALEGRE,RORAIMA,Brasil,1400050,14,33,,,,Amazônia,1.7
e12c2b50-f129-332b-830e-c2794f7af499,   3.242820, -61.716690,2024-03-26 06:12:00,NPP-375D,ALTO ALEGRE,RORAIMA,Brasil,1400050,14,33,,,,Amazônia,4.3
491e0323-8aed-305d-aa23-c5e310231295,   3.237340, -61.717420,2024-03-26 06:12:00,NPP-375D,ALTO ALEGRE,RORAIMA,Brasil,1400050,14,33,,,,Amazônia,1.7
5f50e740-8fd9-301b-8c4a-050c5ccba14e,   3.231860, -61.718210,2024-03-26 06:12:00,NPP-375D,ALTO ALEGRE,RORAIMA,Brasil,1400050,14,33,,,,Amazônia,1.7
99e082bd-fbec-3560-b1a1-115c4d268469,   3.095620, -61.681160,2024-03-26 06:12:00,NPP-375D,ALTO ALEGRE,RORAIMA,Brasil,1400050,14,33,,,,Amazônia,1.0
0fcbbc83-fcf0-3e45-9199-d4a2d306377f,   2.310100, -60.223270,2024-03-26 06:12:00,NPP-375D,CANTÁ,RORAIMA,Brasil,1400175,14,33,,,,Amazônia,2.4
de44aede-6c6d-30f8-9ac7-c8309de5bd57,   2.309280, -60.218250,2024-03-26 06:12:00,NPP-375D,CANTÁ,RORAIMA,Brasil,1400175,14,33,,,,Amazônia,4.5
3d149b46-fb14-3ac6-8249-e5d0f8c43a46,   2.304730, -60.228720,2024-03-26 06:12:00,NPP-375D,CANTÁ,RORAIMA,Brasil,1400175,14,33,,,,Amazônia,2.4
9bd95466-d6bf-3579-ac2c-412387432220,   2.303940, -60.223900,2024-03-26 06:12:00,NPP-375D,CANTÁ,RORAIMA,Brasil,1400175,14,33,,,,Amazônia,2.4
1eb42ad4-b429-3048-a6da-8a54914d5b34,    .801510, -60.534050,2024-03-26 06:12:00,NPP-375D,RORAINÓPOLIS,RORAIMA,Brasil,1400472,14,33,,,,Amazônia,15.4
d8a7317d-5f37-3b7c-8279-93c8c290850b,    .800800, -60.529470,2024-03-26 06:12:00,NPP-375D,RORAINÓPOLIS,RORAIMA,Brasil,1400472,14,33,,,,Amazônia,21.4
d3bb278c-04db-31f7-8101-92dc7dceeee4,    .800580, -60.532760,2024-03-26 06:12:00,NPP-375D,RORAINÓPOLIS,RORAIMA,Brasil,1400472,14,33,,,,Amazônia,21.7
943422ec-5259-3a87-a1c0-9b3580ed2a82,    .799830, -60.528200,2024-03-26 06:12:00,NPP-375D,RORAINÓPOLIS,RORAIMA,Brasil,1400472,14,33,,,,Amazônia,21.7
6d397eab-68f1-31d7-ad7b-b85484611ef0,    .795400, -60.535080,2024-03-26 06:12:00,NPP-375D,RORAINÓPOLIS,RORAIMA,Brasil,1400472,14,33,,,,Amazônia,15.4
da41cb8c-49e4-3b2e-9809-9e22b149595b,    .794680, -60.530480,2024-03-26 06:12:00,NPP-375D,RORAINÓPOLIS,RORAIMA,Brasil,1400472,14,33,,,,Amazônia,21.4
3251354e-8987-35c8-bc67-ab0064251c81,    .794460, -60.533760,2024-03-26 06:12:00,NPP-375D,RORAINÓPOLIS,RORAIMA,Brasil,1400472,14,33,,,,Amazônia,5.2
992b9ed9-5cb5-38f3-aca2-67c7aaf2aa21,    .793710, -60.529180,2024-03-26 06:12:00,NPP-375D,RORAINÓPOLIS,RORAIMA,Brasil,1400472,14,33,,,,Amazônia,5.2
96c1d8a2-b47e-36fd-aa19-e705b9a70650,    .784700, -60.426480,2024-03-26 06:12:00,NPP-375D,RORAINÓPOLIS,RORAIMA,Brasil,1400472,14,33,,,,Amazônia,0.4
eef313e8-3fab-3bc4-b8b3-e54001ecac49,    .783960, -60.421760,2024-03-26 06:12:00,NPP-375D,RORAINÓPOLIS,RORAIMA,Brasil,1400472,14,33,,,,Amazônia,0.4
2c57dcf9-9b6e-3df2-9970-4db4b1a12a28,    .783020, -60.425460,2024-03-26 06:12:00,NPP-375D,RORAINÓPOLIS,RORAIMA,Brasil,1400472,14,33,,,,Amazônia,2.3
13d2398c-3521-392a-9f8e-cb42c50c11dd,    .560470, -60.366330,2024-03-26 06:12:00,NPP-375D,RORAINÓPOLIS,RORAIMA,Brasil,1400472,14,33,,,,Amazônia,1.4
342dc676-7233-3db6-97b3-1675ab713941,    .559690, -60.361530,2024-03-26 06:12:00,NPP-375D,RORAINÓPOLIS,RORAIMA,Brasil,1400472,14,33,,,,Amazônia,1.5
ee3a1b5f-85b1-3bde-90e8-19c1fdff2b99,    .556700, -60.368030,2024-03-26 06:12:00,NPP-375D,RORAINÓPOLIS,RORAIMA,Brasil,1400472,14,33,,,,Amazônia,2.5
7e9b005a-8d73-38a5-b537-9a0b654ea018,    .555950, -60.363240,2024-03-26 06:12:00,NPP-375D,RORAINÓPOLIS,RORAIMA,Brasil,1400472,14,33,,,,Amazônia,2.5
e2e35451-f15a-3088-9c98-d57f2ead95a9,   3.040300, -61.687250,2024-03-26 06:12:00,NPP-375D,ALTO ALEGRE,RORAIMA,Brasil,1400050,14,33,,,,Amazônia,2.0
f90dbd19-98cb-35e7-81fe-c458b5a97d6b,   3.041500, -61.694420,2024-03-26 06:12:00,NPP-375D,ALTO ALEGRE,RORAIMA,Brasil,1400050,14,33,,,,Amazônia,2.4
c987fc7d-e9ad-39cf-a774-70536764b5d4,   3.046390, -61.689990,2024-03-26 06:12:00,NPP-375D,ALTO ALEGRE,RORAIMA,Brasil,1400050,14,33,,,,Amazônia,1.3
f0f0d520-4cc2-313b-a12a-d48445ae435f,   3.040900, -61.690830,2024-03-26 06:12:00,NPP-375D,ALTO ALEGRE,RORAIMA,Brasil,1400050,14,33,,,,Amazônia,2.4
e3a85baf-2cef-3652-9baa-c8079e620e0f,   2.897630, -61.512030,2024-03-26 06:12:00,NPP-375D,ALTO ALEGRE,RORAIMA,Brasil,1400050,14,33,,,,Amazônia,2.2
016d082a-9894-3192-a1a8-305b2232fee8,    .553490, -60.362600,2024-03-26 06:12:00,NPP-375D,RORAINÓPOLIS,RORAIMA,Brasil,1400472,14,33,,,,Amazônia,2.2
9456aa70-2a3d-3450-b876-17e052eb5abe,    .554270, -60.367400,2024-03-26 06:12:00,NPP-375D,RORAINÓPOLIS,RORAIMA,Brasil,1400472,14,33,,,,Amazônia,2.3
0398ec35-4baa-3a6e-a2cd-dfbcfdcb8fef,    .555190, -60.358340,2024-03-26 06:12:00,NPP-375D,RORAINÓPOLIS,RORAIMA,Brasil,1400472,14,33,,,,Amazônia,1.5
d05814f4-5b2a-3993-8555-43fa8f94eb16,   3.242230, -61.713180,2024-03-26 06:12:00,NPP-375D,ALTO ALEGRE,RORAIMA,Brasil,1400050,14,33,,,,Amazônia,3.4
34799da3-fad1-382d-9ac8-f127fc17302e,   3.241640, -61.709690,2024-03-26 06:12:00,NPP-375D,ALTO ALEGRE,RORAIMA,Brasil,1400050,14,33,,,,Amazônia,3.4
